image_id,blur,brightness,contrast,particle_density,edge_density
100_jpg.rf.f1b9d16649ab385e3691fa54301a3b61,213.35293336992038,39.75801026027764,40.48408830440432,3010.0,0.03495837343838376
106_jpg.rf.e8dc04354de3fadaea50922857adf45e,206.3302102069911,26.241381135245806,34.809562948796206,2794.0,0.04642593713512673
10_jpg.rf.ecfa6fcdfec86c013936528ac959e40d,223.74121225061458,39.38610000297687,40.611385760628764,2944.0,0.03838838888502998
110_jpg.rf.2c87278f41415f6dfc58e3844a3c61f3,178.63237043555006,23.107087926808695,30.028229655005603,2658.0,0.03892422543503643
111_jpg.rf.43dd53d60dae89a68f02b58f3b167ad7,159.73735984957403,23.122441959309498,30.649090230724394,2681.0,0.038494233141821384
112_jpg.rf.92193a5794943f9f116c91578f806da4,185.81837121329093,23.184688305201913,30.317598525395194,2648.0,0.04104111057086438
113_jpg.rf.e2abde6eee16765e4266a017b1a3a1d0,193.25943706470213,24.21985175188783,31.631236540127365,2646.0,0.04113372429555685
114_jpg.rf.2fbc0ca69bdb966bcc642e80dc195efc,222.3863285333074,24.748652966450678,30.67849392723734,2998.0,0.04767291478545038
115_jpg.rf.b67b6f9a57244ad787dd942e85efcc4c,66.14943375791927,25.89191647565086,32.30245944204032,1946.0,0.028405952416391305
116_jpg.rf.91a6014ed9c5f347b7573c3f24e708b1,194.02682491711226,24.840945850739754,34.93351095418558,2566.0,0.04089888235080094
117_jpg.rf.da22e9ff457d8821649c8d638cfa455b,168.3593308728775,22.031273670248833,29.7122022982184,2509.0,0.036942953253222464
118_jpg.rf.0c7e43e16d89ff68409085be8b836561,173.34665647806293,20.83020596630845,28.38925389164221,2121.0,0.03600358547419881
119_jpg.rf.e35f1d7f9e075d0d21511036b11cda56,199.87296547496177,22.68706814716321,32.478583198666335,2262.0,0.042155782900198786
121_jpg.rf.2ffbea3e855456e2b977197e05d10943,183.57233095021007,21.768125002067272,30.584184708721224,1935.0,0.037313408151992355
123_jpg.rf.ad9bf1104c3cf812645aed431a1a027a,74.24640787022784,23.569471870234942,32.58697506608067,1916.0,0.03078083292814829
124_jpg.rf.e0ef75ee5b996f8e83cec07891450864,193.22275366768594,23.47290221644489,32.85264077471397,2343.0,0.042612236257611694
125_jpg.rf.f37f515011dff4fbb0b882e824432b93,203.65362253228278,24.331858129004303,34.26998090182385,2458.0,0.045539491484498776
126_jpg.rf.f7af3aff196462c418de0a98847a93f3,88.05444865739628,21.518008408003148,27.96379987697342,1873.0,0.03092306114821173
127_jpg.rf.d5a2865d579a33b7ad207f3bdfd4671a,125.68136701572844,20.61036744495272,27.669237877048737,2209.0,0.033092868412435375
128_jpg.rf.5d9b24db1406b3584c30a9a9c4c87b6d,177.56909469924304,21.949697516959887,29.54828624785686,2343.0,0.04114364719463105
129_jpg.rf.8672159b4320dbb95a5a62d7f763efe3,175.460888620182,22.051698304176547,29.73002493382433,2575.0,0.040002513801098795
12_jpg.rf.141bac2f39d8211e111ed5f947bf8136,229.95344367082924,43.036903261656924,42.98404749100835,2923.0,0.044987116769368674
131_jpg.rf.429974f7222f6b61a84b1971a6eb7218,224.96710427982376,26.084232182607803,35.3037285808689,2370.0,0.046323400511360066
132_jpg.rf.17268cc947dbd738fbb534f57111d31b,207.0769378273696,23.34678216921189,29.78473225467944,2730.0,0.04154717842364825
134_jpg.rf.bfc2b2ce193188b9213229e9ff725045,78.26378187780858,22.641065587055248,29.42386104089004,1954.0,0.030605528377837535
135_jpg.rf.95b2d339db26f28f3179d4dd162aad9d,179.26040618510686,22.398827774856034,29.529007325270562,2342.0,0.040105050424865465
136_jpg.rf.2004d3fffff3f58a759dc6f0d10d3f10,190.9682521104382,23.04140164257056,29.982323585221387,2607.0,0.039595674939056864
138_jpg.rf.7e7286a215caebac413c3ac6c5ed0150,165.4039082490201,21.651702934862783,29.164059543013934,2387.0,0.03829246752731278
141_jpg.rf.ae0182b2d966fc94bf76f129f46c5a45,163.08395613510731,20.84955561950313,30.35176245624661,1775.0,0.03631450297852354
142_jpg.rf.9d8e6fa070a9e2c99c56fc36a5b6754d,133.5273305358547,20.72793395318376,29.301468602458314,1789.0,0.033542706503798814
143_jpg.rf.4bf2d593b2dcffe4a19da0d590ed30cb,108.57416605812014,19.25095342521938,28.285998137816296,1653.0,0.030721295533703126
145_jpg.rf.c7b023ab3763cd94bf5a6c083c10b985,162.9323709365312,20.032686029550394,29.612341158208555,1816.0,0.03455153457634182
148_jpg.rf.735bb3e0815dbb534fee4a5fddb8fc9a,149.22951460837885,19.89703338394012,28.269251999336127,2141.0,0.03490214367696333
149_jpg.rf.a9ca776619da0dd70e95602e523dbb1a,187.72291095892285,21.631274993302043,30.170979177047737,2546.0,0.03973128789307084
150_jpg.rf.2dd6790f5fc0211c6b8a0bebded08354,170.5353932672713,21.024450023318813,29.826714478993846,2359.0,0.03820316143564504
152_jpg.rf.da2c4d0f32d6f12ecd6ecacd1ee76a68,102.78813699204996,22.92690131015344,31.35171977806179,2462.0,0.033281403494845055
155_jpg.rf.093f66fb1b5c68857d3fb733ea6c28e0,188.1171409232488,22.38532270921606,30.867000713880085,2516.0,0.039919822975480516
156_jpg.rf.746421f245b72dbf541074bf5d373bdd,220.9810998724269,22.74585140127873,30.772014759519653,2617.0,0.04488127251257727
157_jpg.rf.346be485e8163f4150a6ab9427aac768,223.78053181971876,23.19044689429797,31.576102583326307,2778.0,0.048744587885463285
159_jpg.rf.fe559d95c93942ca2d444b5300d564bd,188.2484279975549,21.377123086947748,29.058016642235863,2738.0,0.03814362404119988
160_jpg.rf.d13ec28751f53832401f22568bd6f3d1,214.21035453227748,22.871435611961726,29.72010661201078,2645.0,0.042645312587859
164_jpg.rf.0cd8354785a1a669f3254ae07ae70ae6,174.02916633846604,21.773896821695427,29.277126400727077,2701.0,0.03358570573312032
165_jpg.rf.5e80636a4986a65a5e690d9eab5b306a,196.01312863324787,22.68970433068392,29.82795200126748,2734.0,0.040323354204497716
166_jpg.rf.20a6d237232614558c921ed9f79ad4f0,214.89667613741906,24.458097251026192,32.840673132249044,2815.0,0.04315138044064287
167_jpg.rf.ef352fd875031ef9efbc0dc196cd8741,175.3462440776629,22.393687713135602,31.146955977613644,2603.0,0.03523290697943644
168_jpg.rf.f02330b81c9f554ea5eb070a4028ee8e,184.76579309661741,22.20686598463274,31.03597988811254,2438.0,0.03818331563749665
169_jpg.rf.b3b97dbfc52aa6836e9205da92746f8a,90.53572746808072,22.99796580568979,31.671770772988953,2031.0,0.02883594470960636
170_jpg.rf.4a1d239251ab64b3c733cbc93c07c52c,115.11422430921532,22.604142479600174,31.03889783546241,2265.0,0.030797371093271943
172_jpg.rf.5497cc1a60cf5885cbe8978e762ca7b4,190.7451699402581,23.062742490846126,30.350225718696628,2849.0,0.040234048112829976
174_jpg.rf.462670ef59ff501d8799423fbba4f72e,162.9874319669686,22.012985767255095,28.944798727722485,2897.0,0.0357588206303687
177_jpg.rf.78ce205aa324b8cb17ee4051188b13d5,189.88429237168248,19.753296883217402,27.89014659311769,1729.0,0.038252775931016
180_jpg.rf.8553608dc0a9f4e6ab3c23e21abd0d38,163.59100421458916,17.866417932663207,26.882040704316434,1452.0,0.033337633256265486
181_jpg.rf.f7001538334765f4abe65e29deba727d,319.4116606009503,25.048757818417563,32.827127367579926,2855.0,0.06198504288346217
185_jpg.rf.486784ae35c66d14c8d9700817908e5f,281.7643839089702,24.60065623439211,30.19887737668933,2778.0,0.053094125312984776
187_jpg.rf.7f833781344024db5ea914b4f28b2501,306.57349022457544,24.79829723051887,31.189820600124058,2756.0,0.061697278810310556
188_jpg.rf.79a80e683f2b355bf9c333b89b065d12,340.7808573504841,26.270227002854487,32.55655184123466,2950.0,0.0715374870588858
189_jpg.rf.ff05bcd103da88fe266f0afd8b03baca,228.9587535037118,22.27510906919899,29.663237813932753,2448.0,0.04424289933880416
190_jpg.rf.bbffa7ff0e9df3f2603745032d9e56cb,307.7472366374446,24.524703057245205,29.632839390510966,2852.0,0.06090344688437507
191_jpg.rf.35076717096fbba567435ea2660d24df,278.68118801884657,23.223817603884484,28.96716586816579,2969.0,0.0550390135315267
192_jpg.rf.317b19d7d157d9e24328cdd74383144f,239.09452245180447,23.611928647740392,32.03695805400839,2449.0,0.04665747144685791
193_jpg.rf.e76f9b8cb574a63a589e75fbc2a32754,259.1704807645562,24.04446451075146,31.68611359528364,2634.0,0.051314618745679406
195_jpg.rf.cce4ecaf6582d659b765fcabd6a2b739,220.26102384284908,21.969381241090062,29.39562664647274,2946.0,0.043349838422126745
197_jpg.rf.96b63e1aef85d3a2cefc61d89717365a,200.12684528198923,24.79107666762588,30.49191978206204,2943.0,0.04290330796378803
198_jpg.rf.b2e419a6ce27de74ca40700b917799e3,156.72567142925627,19.687107838759506,27.01586838239695,2379.0,0.03267610665131925
199_jpg.rf.fcdbec1304124fee7e477c6ba0a31ab9,210.83517118474924,23.753753336574814,30.79624096722821,2893.0,0.04411059401781491
19_jpg.rf.acf9f1963ca15d84bad701680995c103,216.4131463976018,39.29443887659552,41.39415597788658,2777.0,0.039641981801403096
1_jpg.rf.3bd160570ca04ce20d506e7d30bba9db,252.92019880315098,44.24863146683602,43.463615072056804,2788.0,0.046680624878031034
200_jpg.rf.55858a52069405c7e4834e17e34436a3,195.9905514204532,24.75182829415442,31.370503385812654,2703.0,0.04221862792766868
22_jpg.rf.4066aa909a5382af28f8815336d64c64,216.06288766681357,40.24105367957636,42.016960499531514,2739.0,0.03980405581961492
24_jpg.rf.b80589f1055481940f5e6852df90913f,185.23603517891365,36.91523859610824,39.19336662471017,2643.0,0.03329794165996871
25_jpg.rf.6cee017a690f9c2ccfeaca853ef1d66d,205.52647157332382,39.02592853528087,40.37511716783857,2773.0,0.037859167601072996
27_jpg.rf.bcda8bed58ced16c5e17ff727e84dbab,210.87424849279404,39.797959851950345,41.57530032900098,2754.0,0.04148764102920309
29_jpg.rf.2d7a802a59f28f44700485e2f7ad912b,244.55056726590095,42.44256460634205,41.763309486287966,2956.0,0.042248396624891264
31_jpg.rf.45f35ebba792f8ea3a03152f906d90bc,235.81991567885223,40.21664334785384,41.312378419328894,2884.0,0.04034650763567084
33_jpg.rf.d535b9a3bece4609fb68de34c285baad,222.378131673904,39.58895382875061,41.20024196349165,2834.0,0.03768717068378698
36_jpg.rf.17bdf2be94ec37d1e81819d8a41e7cbc,214.2881261466697,38.29798465919803,39.526581319480236,2907.0,0.03723071732637407
37_jpg.rf.df9bdbddd9c4583b70cfda1a002f9347,227.83348754663172,39.564712186312356,40.74815131591844,2957.0,0.039324449031028906
38_jpg.rf.e6492d6787056d2b250b31eb390f929a,230.00284471448217,39.507288369369995,40.82995991889579,2898.0,0.039503061214364386
39_jpg.rf.5f38117455969132853b63ee7cf208e9,282.81421293046475,44.308982539005264,43.22043779063018,3000.0,0.04751414840026329
42_jpg.rf.6dde36c353f9080a04f3ea518a2e7ed7,212.23943153280425,38.801320407103475,40.09376225940458,3079.0,0.03681726319828268
43_jpg.rf.d755a6d1c9837f89b02ee52cc191b804,219.30326149406196,39.59438165454419,40.804414631505935,3036.0,0.037541634830698806
44_jpg.rf.c9949bb3f0e06bcaa6205c0eb672cf4c,207.4524868106548,39.10269539015185,40.37618975616001,3013.0,0.035745590098269775
46_jpg.rf.59af1a680d3ccf86bfffa8f4e52f1aa2,213.16090844508722,38.13492165871181,39.25601396316171,3081.0,0.03566951453870096
47_jpg.rf.b41454a637a141320ccdbd4fd48122bf,214.96725127550303,40.55834830037277,41.36009665535407,3119.0,0.037859167601072996
48_jpg.rf.ccec133363437b98ce167f8672f78abb,207.96541430581516,38.47950094432923,38.88283798255545,3194.0,0.03610612209796547
49_jpg.rf.3ce02da66fc92f94786590c28eab61b0,227.8284195349264,41.21018023292352,41.46575073204418,3103.0,0.03893414833411063
51_jpg.rf.dcb636539115eab579fcc00ca9c976e1,206.4967858934332,37.560461877875575,39.12553265697205,2931.0,0.03626488848315257
53_jpg.rf.7c216f083d98635b4f8d1debcbb8120a,234.7572494794752,41.79018029907618,41.479492643025495,3092.0,0.03976436422331815
54_jpg.rf.3ee0fced90f89e82ccbb474901437b1d,193.77677404213918,37.120682298540345,37.839737419531865,3176.0,0.03495506580535903
56_jpg.rf.46f86d32fd5434fd10da2d9c13360539,216.57738748173273,40.54610344291522,41.002593148155945,3062.0,0.03814693167422461
58_jpg.rf.f1986a9538429950b21c84d841f7bb84,208.74780760847258,39.29191184496462,39.20356093436315,3313.0,0.03691979982204934
59_jpg.rf.4acb705e78dc0565b173d313f404c3ff,219.9332057198118,39.59512256434173,40.13712966792149,3144.0,0.03720425626217622
5_jpg.rf.bae5eab1f3f565c87534464393ff620a,216.34266022753906,43.00718748656274,42.91936400585986,2819.0,0.044213130641581576
60_jpg.rf.e3b9ba1a5753286334e39a36e7d00569,212.7186332365974,39.02154922915612,39.560304279545555,3113.0,0.035570285547959025
61_jpg.rf.f40b29faee40ac16569fe73a0a952b38,191.59724810766218,37.17355150480765,38.31483066068786,2984.0,0.037068643308162244
63_jpg.rf.03a8dcb496709c51ddff563396f43aa3,248.57882134073103,43.10568218277319,41.35192670538657,3265.0,0.0429000003307633
64_jpg.rf.77aea6402e2ef93b8767f886538f1c2b,236.77401657788747,41.08425202840595,39.93684289687839,3266.0,0.04054827325017944
65_jpg.rf.eb485786985d41ee0d517a508df5b3ac,240.06814853038017,42.25367229956571,41.115824323749756,3176.0,0.04198047834988804
66_jpg.rf.d7b48b529f799bf94ae07d983f43214c,229.27963784309304,41.24928307054189,40.67367997360684,3146.0,0.0413718738733375
6_jpg.rf.26f1e269c5344f94127dc628403047dd,211.4816062431164,41.59293952654541,42.31993924464305,2727.0,0.043945212366578355
70_jpg.rf.a121ac56e4badd82b477c1a2231ed246,244.21747975534072,40.773635518686476,40.12524175003208,3215.0,0.04156371658877191
74_jpg.rf.4591c5e06991d78b9b4e87a01b38b6e4,196.40155193953782,38.058700563289904,38.26566729959816,3165.0,0.034835991016468705
76_jpg.rf.2680abc17bc3c4a11ded767b4c7abb52,217.8077129414396,40.054575944908066,40.73109812695422,3042.0,0.03953282991158697
7_jpg.rf.adbe070aaa8dfcca7e700d01d9bec110,202.37256508002216,39.600199781034696,39.96186272752964,2983.0,0.03914583684769342
81_jpg.rf.a3bbda869c2138e4690fd20b56805c1b,218.6621913890223,40.953709675818885,39.986824320144684,3181.0,0.037346484482239664
82_jpg.rf.9995ad9e9107312a57b6abc786c47a0a,218.94935474065366,41.08669636921123,42.33409388421728,3038.0,0.0379550889587902
83_jpg.rf.eac4052a78be4f1ca4299f84e6ce61ce,198.46019527256342,38.6751507453751,39.47405792808167,3039.0,0.0326496455871214
84_jpg.rf.fd2e44ac1a2d1832fb0619fb5b68180e,228.3345436318584,42.24608128177395,43.07058284457351,3021.0,0.04007858936066761
85_jpg.rf.1d92c6cc01295239af668fcdbbd5b9c6,213.11757531082944,38.66941530971022,39.56044828795975,3052.0,0.034832683383443974
86_jpg.rf.d2b163ee1e2bab699066e8979c08c175,233.17926047545882,41.36788486790967,42.37204843262167,2917.0,0.040511889286907396
88_jpg.rf.106444516ca4e8ab81f288438a35f345,236.59624056913887,42.28493604691547,42.583563080388416,3043.0,0.0402472786449289
89_jpg.rf.917755dd102f77fe6dc5f566752da2e7,206.25722059224344,38.461722416821296,39.322230668044405,3040.0,0.03568605270382462
8_jpg.rf.e50b24642663ff7a36b45519c0db543f,218.44538419612337,43.51729726690283,42.478788480821486,2887.0,0.04510288392523426
90_jpg.rf.ce38c537b9cd782a668016d4ce796f5f,225.38222407823704,40.1082522136334,41.26572076742316,2950.0,0.03882830407731923
91_jpg.rf.b776c6202b5a345bdb047c160b6d389c,227.0781307842857,41.232159454372855,41.82488868201331,3034.0,0.037849244701998803
92_jpg.rf.c8944935d31d6e13a95d9e782fc6b0aa,211.51784291474854,39.200961859683595,39.703484916264,3046.0,0.0344324597874515
93_jpg.rf.49c50cda48d9f17994050d07f5a00b94,224.277902407699,41.70027221819794,42.22916350196352,3025.0,0.038398311784104175
94_jpg.rf.ffbbe684e1b56c3ea7f8d454e8bcc5a4,221.07715571536886,40.52756746744462,41.499288742773764,3007.0,0.03761440275724289
95_jpg.rf.4decf80b4b3d986e8f3fc9b492433d79,202.64499537019506,38.39459731221741,39.554319169413006,3045.0,0.034554842209366554
96_jpg.rf.f88fa6aecc8f4d6eda496e4acb2c9864,234.8175906208573,40.8274440927328,41.365236249538896,2923.0,0.041514102093400944
97_jpg.rf.ad1f21bff6e20243eddab1aa34af91d8,227.41386685885968,40.37206902368596,41.025176091989245,2972.0,0.040422583195239656
98_jpg.rf.5a7c5cdd5ba943500d9fddfa111c2e62,165.0601690051384,36.0981937016052,36.49395401484766,3178.0,0.03100905960685474
99_jpg.rf.cfb7ee5d75152b80f349b2b96390a273,210.03017231715666,40.01316437943843,40.62027970530935,3034.0,0.03657249835445257
9_jpg.rf.52e19b344044185cbddae947813a3a65,173.6840490908235,42.442839139883105,42.56379862225603,2790.0,0.041193261690002016
a--1-_jpg.rf.b3525a73e8fa8ebbb786424d09a0bed1,128.20825138651344,34.84657213451482,34.26821526039039,3040.0,0.0265801389867397
a--10-_jpg.rf.0a6f03e0d7d891e8f5a07f5fe9dbe4a3,130.16979957327203,27.855267901736838,35.51687829603721,1629.0,0.02935193546146442
a--100-_jpg.rf.77ca389cf7e6997bcae4d1bc8c86044a,144.01544688157617,16.746175549315154,27.873284952486067,1238.0,0.029170015645104207
a--11-_jpg.rf.672ab86e55691daf976c95b4b7409607,153.53153453779012,36.84996907363122,39.27283467300216,2393.0,0.0341248499161515
a--12-_jpg.rf.9432ddc24a4ab01422b86c9da294de43,153.208124113082,34.57114222491243,38.706166885182604,2286.0,0.03280510433928376
a--13-_jpg.rf.39ec13d746ec11f97f926c5cce408e76,172.3910937312864,25.171444542570892,32.255554541457194,1963.0,0.03067829630438162
a--14-_jpg.rf.0a5bc8e7514576e939bf93da55b3bfef,186.38646648277756,29.115350394104475,34.43975636703177,2035.0,0.03687680059272784
a--15-_jpg.rf.9fb9e1c53e5f9a2e66b52c6f3c94e5f6,174.91273330002798,25.089140710016505,32.321785585547445,1826.0,0.03230565175254936
a--16-_jpg.rf.cf1b19afe733ad9f631a59b0f6718396,180.91292671337433,28.265890695959065,33.96343736036175,2029.0,0.03233872808279667
a--17-_jpg.rf.bf6545c62fc128a3e16d7c436c204fe6,170.47400671642225,27.09667219041382,33.43493950436193,2049.0,0.031359668707476245
a--18-_jpg.rf.2526ff74d82a17da8ae1aac04a5f68aa,149.56084218122376,25.6238063579322,31.62817962959633,1989.0,0.02715235950001819
a--19-_jpg.rf.dc2b4bc0a1d6096c55e5dd71429a4d33,181.3774155197864,28.762535102255477,34.06446102167414,2129.0,0.03479629942017193
a--2-_jpg.rf.7999ccfff2700d665fa33b4f020235e7,162.65586027030187,31.75859571132302,35.41322672447715,2492.0,0.034194310209670856
a--20-_jpg.rf.524331143dc5e8357a7818ad0bbc7dca,194.22390722212864,34.230538714190736,37.113566436438646,2467.0,0.03665518918007085
a--21-_jpg.rf.ac6ee4a44b6e80e79cc48b945e5dec94,167.13201417023842,29.37822122111196,34.709713519428334,2198.0,0.030724603166727857
a--22-_jpg.rf.9c1c9c38ed007cd69da39213b5959d73,159.3812476801228,34.344218753617724,36.55690959024167,1530.0,0.03234534334884613
a--24-_jpg.rf.775617ff45ac57af20f0bc0b9e560b8e,146.29839956388574,24.50832035087371,30.541294200456615,2038.0,0.028491950875034318
a--25-_jpg.rf.dd3518f75d24ded551534aee4b0a81af,159.655307650149,24.293843502651068,31.015636494277963,1834.0,0.03169704727599882
a--28-_jpg.rf.91ac70a061fd24ea8603b6542fad4703,181.09032806935693,30.953448372809934,35.28438006748887,2036.0,0.03422077127386871
a--29-_jpg.rf.57d3e6050b4065de097d2aa307136798,139.46002710533492,24.552235794543066,31.22228046483353,1628.0,0.02774111817842034
a--30-_jpg.rf.335c97ad0c072b6719ac71f1b491078d,183.14635491828784,27.244020626399543,32.880296324149974,1858.0,0.03228249832137624
a--31-_jpg.rf.ead71c8889c5654fdeccfd30b136e776,157.07804917863103,25.905795303822632,32.112035788791054,1730.0,0.029838157516099903
a--32-_jpg.rf.f7a6bf6256f4a4bc417a23dd47536c7f,177.3092023381456,23.503683049373038,31.411849618358364,1734.0,0.030436839093576244
a--33-_jpg.rf.bbdfdee1f8798a732c97f43683f708bf,130.62301144272803,22.453840327323363,29.06218603426172,1857.0,0.02509170412561067
a--34-_jpg.rf.bf6d1882bc69532af93573ca1872875c,122.02888223406727,23.605584607598956,29.302447102650426,1303.0,0.02513470335493218
a--35-_jpg.rf.09812db644f1d58e6ab7f66bc3621c18,134.37115272267891,26.0630600236165,31.530759200310058,1534.0,0.028577949333677327
a--36-_jpg.rf.a9634bddca4b0ed3a56e56088fe71ed3,200.28986771357654,34.72077623531825,36.29912547581566,2453.0,0.03678418686803536
a--37-_jpg.rf.1b3724d1aa47a2f2d55701ec06578d54,188.46217109932908,32.55888413692278,35.62990258070984,2158.0,0.038133701142125685
a--38-_jpg.rf.6283c2b3613d03b3aa04f252f2424699,157.01102022273807,29.072460316672785,34.40104320836119,1978.0,0.029778620121654744
a--39-_jpg.rf.1830403f645eb43b98a20f74342afc91,153.85750050921652,27.284446517227806,32.629326421861705,1777.0,0.03121082522136334
a--40-_jpg.rf.3bedba0fe24e80c773ac8e1afd694415,163.39318331437764,27.884427994482866,33.19061183718104,1802.0,0.030413685662403128
a--41-_jpg.rf.aec0bc88c8b85824f19d52644ea19b70,151.38063556949905,25.88293955962174,32.01778816361212,1601.0,0.030972675643582696
a--42-_jpg.rf.bb9d9d84fe768634cbff7ef77c565e79,147.0345448475301,26.85200988320748,31.895791548238115,1658.0,0.03027807270838915
a--45-_jpg.rf.94e0a9d76aa2cecbf99b164b95c046b0,150.57040790302983,25.155885436822555,30.38367121157943,1633.0,0.03165404804667732
a--48-_jpg.rf.f43da07396f4e7fc8ccffbbeae81ade8,132.81665799516585,23.84102854156537,29.871844218109395,1470.0,0.028627563829048294
a--49-_jpg.rf.df809c2e8c71d68a8ccddc9059d6a959,136.79139627289777,24.898015750948463,30.80078967006027,1550.0,0.03191535105563108
a--50-_jpg.rf.72f40ab4929c6717400184800bcbe9cf,120.40268328705031,22.942285111351467,29.466223924662962,1405.0,0.02477417135523648
a--51-_jpg.rf.7e129b35177308bd618a9d868e56b278,133.9157442564407,23.626485540682232,29.94983671911657,1480.0,0.027800655572865502
a--52-_jpg.rf.dc6cadcc1ba6d2bd3a3e3a42e9ad1a91,174.55027745518947,25.003542474969485,30.303745221701494,1582.0,0.034386152925105266
a--53-_jpg.rf.fd6f549a29aaf2b433c8e58449fbf5de,134.97137531921658,24.648388686572,30.161108430899244,1577.0,0.03133982290932786
a--55-_jpg.rf.3c058b51e50338fb83e15981f5cfe3a2,131.2349524651849,23.037498635601377,28.49632580269914,1411.0,0.02870033175559238
a--57-_jpg.rf.b4c5513821106bc7e676e0cc1767583f,159.9207286752924,24.05269720935002,31.223402151037597,1660.0,0.029196476709302057
a--58-_jpg.rf.aa15051a53d7a3e26a9d8945be3060f2,146.5676189390414,22.718407970072537,29.679561214368597,1520.0,0.028759869150037542
a--59-_jpg.rf.628117e1985511adc276edb05cf6517f,151.75284006981022,26.27235381088939,30.58568573208825,1712.0,0.031104980964571944
a--6-_jpg.rf.2dc4d5f367cf36404e02f3b1f95ced60,100.88692482416434,28.305717905209853,34.581576796171895,1543.0,0.023490809741640785
a--60-_jpg.rf.52c2f8d852e491c93dd1c3b132e056f1,152.56896253891568,22.4696938124109,28.671346185630455,1615.0,0.029762081956531086
a--62-_jpg.rf.ac456ec464fe187810b1f9d2b0e1cffb,139.78089906416838,21.55644641138355,28.910973247065257,1337.0,0.024850246914805297
a--63-_jpg.rf.c4f483904f14ce7bf174f164d0af58a5,138.7297640969803,21.76525066896878,28.798563712430845,1417.0,0.026500755794146152
a--64-_jpg.rf.795308943bf5527c15d98cd657fbc407,135.11731474554506,18.384548723088272,26.890203815095152,1269.0,0.02630229781266228
a--65-_jpg.rf.908478b663706716eba40ee829dc8614,127.23131513716942,20.008980223662146,28.323395399688717,1198.0,0.023795111979916052
a--68-_jpg.rf.9b97d436283cb1e928fbdd7c8efb1377,131.62079028091392,20.021711303174335,27.794441398104482,1182.0,0.02573669256543325
a--69-_jpg.rf.83a59ec8aba194c5e90237eec3e0be07,88.37527302069343,16.278992230370026,24.500322310743844,911.0,0.0188766616721408
a--70-_jpg.rf.d1b5f63432eab4ea3a47f0d4b35ae17a,148.52394891477127,17.190777657600446,25.635217582801882,1048.0,0.02835964555404507
a--71-_jpg.rf.9929ec1667fad9e79d78994797684b2f,119.70355654545686,18.492516480281544,26.50276447961715,1111.0,0.024787401887335404
a--72-_jpg.rf.366957f4ce5e6ee91c419141b40717ea,126.86221044699747,16.646122957950062,24.54524826175218,1103.0,0.02531662317129239
a--73-_jpg.rf.5b88617a130c590705757e24b7ebb939,123.27829618582449,18.860943800007277,25.835157600635746,1125.0,0.02641475733550314
a--76-_jpg.rf.14e25c8582e7eebdbeea5a048c8995e9,131.48100572672934,20.920977339406146,26.5514739638284,1305.0,0.028068573847868726
a--77-_jpg.rf.44e4de8feea301e0f273c107deb08050,136.65187376907426,19.18828700993282,26.086978126694948,1307.0,0.027440123573169804
a--78-_jpg.rf.ded088160de7e20549b636720a625bd3,159.47707301840128,21.96345727034277,30.927795709352957,1678.0,0.031085135166423555
a--80-_jpg.rf.388b9757b423e9acd6ed3d332188adc2,155.87179605136154,18.853366012747617,29.663308026129997,1260.0,0.02944124155313216
a--81-_jpg.rf.2741d9b9c380afcd2156240db5c84cb4,182.96650359965838,20.853805927939906,31.14294186999679,1418.0,0.030833755056543986
a--84-_jpg.rf.b3bb6d47e23cfcc8e731f1556f9b8a71,172.13597499026898,19.925442643989534,30.159373074691707,1240.0,0.03152174272568807
a--86-_jpg.rf.6e77f7993005c7ecf68752a954550a66,103.00406153694249,15.798783452573504,26.337185953651765,971.0,0.028310031058674103
a--87-_jpg.rf.e99dd21bd33d8f9c6b36c8d8b908f5f8,151.73102930883687,18.141285544651392,28.177737853460098,1361.0,0.029848080415174096
a--88-_jpg.rf.d489f10154a09d0c9b5807844212306f,156.38988056265828,17.73931221078884,28.09488360541283,1270.0,0.028310031058674103
a--89-_jpg.rf.9fe5a32ab2451db00c4a9493314981c8,173.23122608214982,19.335040071974095,29.374867707843297,804.0,0.02979846591980313
a--9-_jpg.rf.21269c8afa43c46b213c4b3e204a17cd,119.05674488830451,31.008861148873255,36.23915169333951,924.0,0.026083994033030022
a--90-_jpg.rf.41def70935810ec2fe21046aa215f63f,152.38864679178837,18.136644935517694,29.16462025726721,1326.0,0.02593184291389239
a--91-_jpg.rf.ebe61a8ded93cff4279fff9b0da3cdbb,111.91897920162289,15.665059157016648,25.73845095760589,1317.0,0.021797301632978425
a--92-_jpg.rf.eb49fbf2366da6a6bd0a0d143a8a2990,90.24697082971656,19.044758890090662,29.420770626483044,1061.0,0.025326546070366586
a--94-_jpg.rf.6c185537b45fb3531ff576c96b2e2706,151.803161680015,18.31135741951702,29.17688591087496,1364.0,0.027780809774717113
a--95-_jpg.rf.6640d5cc3241615d51831e308f0da4db,151.50356360418473,17.720316474327806,28.740976892035537,1348.0,0.02763527392162894
a--96-_jpg.rf.8395670294171d6f55dd7890d1ec1513,134.30708583160356,16.71289414582031,28.309750539324234,1261.0,0.025670539904938627
a--97-_jpg.rf.14625a7505de2eb1f2b4daa5972f1eda,103.3647061834613,15.722635125078142,26.384122065411656,1322.0,0.020752089597163376
a--98-_jpg.rf.206f7474b62d37037ee4a4c84b8a0101,118.608905078602,16.267871968140877,26.901446295025043,1252.0,0.023047586916326808
a--99-_jpg.rf.40611c720ca5050100a376ab551a14ad,172.18180067837935,19.304831459559225,30.299733693036018,1346.0,0.032269267789277314
b--120-_jpg.rf.67315626cc3a189a390d6220c5518fae,230.4367741701394,45.16744892187702,42.807222737829555,3073.0,0.04742814994162028
b--121-_jpg.rf.9b7ec1eb49781503b8f9d18430596d82,265.71168052098693,45.76922313623148,42.304242334002026,3231.0,0.050474479957397685
b--122-_jpg.rf.3521716567c5fbb8b9ec1cdc62259d49,254.5731722900941,45.42074084364488,42.633419061941,3032.0,0.05063986160863425
b--123-_jpg.rf.d3a609f21f6d0055528503f2aa8f4b24,209.15735059496473,41.12138682437461,37.00876486988776,3364.0,0.043892290238182655
b--125-_jpg.rf.2eeb0725f6b0cb2e767ac408cb4b9dfa,254.66517122158973,46.42929769027986,42.153144386467545,3310.0,0.05101362414042887
b--126-_jpg.rf.a446e66c7f491ac8d2c9a43faeadbe6f,219.4325779860318,41.05781081000625,38.961230391745886,3157.0,0.04332337735792889
b--127-_jpg.rf.5c00012ccfff176ea28f45f60c3d0925,219.78602917873476,42.788053491041275,39.95792267474102,3121.0,0.04468281453109341
b--128-_jpg.rf.9ac206b3472d29e48d9d4634eba81ac7,217.12300037054158,42.011460948430695,38.87857793345984,3180.0,0.04495404043912136
b--129-_jpg.rf.1fd9d8e4b8c058aa04b7033742dbe442,176.37868228562255,40.05851533584052,37.322749879622165,3221.0,0.03903337732485256
b--130-_jpg.rf.5f954c4f203894bd81541a6bad30c6d1,233.62956972955243,42.51077130694504,41.174900386760065,3086.0,0.04566848917246329
b--131-_jpg.rf.86c1fa7bbb09d96982e518a1d0611c4c,222.38203230323194,40.71172655136258,38.18027922503843,3205.0,0.04349537427521492
b--134-_jpg.rf.72e5671f17826d40df305ac0f8ea1bdc,219.37149345211705,41.9759799689744,40.4663313216877,3101.0,0.04400474976102351
b--135-_jpg.rf.19e51dfac87e4bc81d73ce025b335fb4,207.2421479669191,40.48172036608882,38.87028164872687,3068.0,0.03987682374615901
b--136-_jpg.rf.13dd6544eed16f3f0c9f8e40ecbb3be2,236.1782093731469,42.383139671419734,40.313485426886174,3131.0,0.04511611445733319
b--137-_jpg.rf.192f072336c833cd84798f1be25f5621,247.4411735901358,43.60449308870079,41.2905985354288,3176.0,0.04713046296939447
b--138-_jpg.rf.0534667d336e2ed73aefd0ff14b568f3,237.5387040830112,42.488467937459276,41.1315354790353,3263.0,0.04944249845368156
b--139-_jpg.rf.87fa9349d561d7db969bbdb92671cfe6,174.44599412076047,36.6650525417506,35.39754491234715,3281.0,0.04002235959924718
b--140-_jpg.rf.a90a49ef0707c7a3775bbd5557a444e3,199.7743958998457,39.648825294131264,37.40142928008593,3364.0,0.041295798313768686
b--141-_jpg.rf.a1d527df4639c50f44cc8febc25d2037,232.7210540645782,41.53237345822956,38.46777313660958,3402.0,0.049144811481455754
b--142-_jpg.rf.4e26ca8347f1e68dad636a90236eca42,249.3552853371764,44.52515289533657,42.22281028890445,3220.0,0.05009740979257833
b--144-_jpg.rf.cca8e5795c12ef6108916f7105cdb8aa,222.84457678628024,40.36151436670404,38.15991184535263,3355.0,0.04435535886164502
b--145-_jpg.rf.5b4a6d2e42cc3ae468848da63a39d164,217.7034205461413,40.6355352246379,38.399326995474816,3340.0,0.04529472664066867
b--146-_jpg.rf.172a81b57ae48c3619154c7ca094cc0f,222.0645640638174,40.50087156130202,38.19087625422213,3339.0,0.0450003473014676
b--149-_jpg.rf.ec35e059378cf452f23ae6d9960a07db,198.26948256340964,38.684220275128915,36.822081041782404,3263.0,0.041649715047414916
b--157-_jpg.rf.4389714b91f4e1f5bc0190573c508e86,205.84243330593952,39.03581505039179,37.70599165663023,3165.0,0.04121641512117514
b--160-_jpg.rf.c786324df8d31e960d4f75f7a49764d0,143.9165334518973,40.540169549268846,38.793386824610664,3053.0,0.037306792885942894
b--162-_jpg.rf.cb0b756d1b0a81dc57720be09582622d,179.44845468537935,40.67569650482418,38.510130130450875,3157.0,0.03981397871868912
b--163-_jpg.rf.7fd5b51b5318538a12cdc14b88effb50,217.19901258095857,41.60037508558501,40.12304433937888,3045.0,0.046227479153642864
b--164-_jpg.rf.4687ac77b86ddd487ba3b1c05ed66f39,194.15485519155513,39.84939685311794,37.90186789510384,3173.0,0.042063169175506315
b--166-_jpg.rf.e01cae85e013786763c2aaa07b62b36e,212.59429591583338,41.428421167528306,39.49273648174302,3200.0,0.04546010829190523
b--172-_jpg.rf.68b70a445d95381a08a235d0f0a5fa00,222.2117129628977,40.10044950732806,38.46302918790787,3226.0,0.04377321544929233
b--176-_jpg.rf.1fe53c474fd16702cb301f1a9b624304,237.18516379596863,43.95960387786896,40.5256591404133,3316.0,0.049201041242876185
b--177-_jpg.rf.c30b0a256b001b0841eecbc5c8275864,278.74259663438926,47.12185650826412,42.55134450075598,3191.0,0.05715259103432992
b--179-_jpg.rf.50925aa230ec1b071dee030dcb120f4d,215.34674894441994,40.26680691030692,38.43657339957002,3422.0,0.042479930936622445
b--18-_jpg.rf.47619bec35dba029d567c6097eac49de,252.04335488012524,46.09719810406475,42.15460252563023,3474.0,0.050706014269128866
b--180-_jpg.rf.fe221d8d41cd8e825cfb07dc58f0f783,245.10562243702904,41.41332843803646,39.47461060943676,3275.0,0.04688239049253964
b--181-_jpg.rf.fb204160eca54908323aec11737cea18,257.3494423101108,42.90260674558679,40.34019894092781,3362.0,0.048886816105526726
b--182-_jpg.rf.b9cf79c57759d2ef6e99a3e857f2ef71,241.144218848375,41.674370143981264,38.507371348614406,3583.0,0.049062120655837475
b--183-_jpg.rf.1349db60a6e1f2c90cbfa55c4251ce47,275.2173012366653,43.734572372664395,42.54284767834668,3501.0,0.0526939017169923
b--184-_jpg.rf.17a3a3fec8b76ccf1b24a226e20e7b0f,215.2623741856971,39.35235222322554,38.1781232476983,3362.0,0.04114364719463105
b--185-_jpg.rf.746312b15dc018a40ce7ff65fa9b6bb4,226.08319314938032,40.30986236938984,39.46534534055801,3236.0,0.04181509669865148
b--187-_jpg.rf.c9fd38c199dbeb4a9e9fd885540a7387,226.51541479480292,39.70737701393506,38.74122975747712,3225.0,0.03956259860880955
b--188-_jpg.rf.6feb8afb9e5a3c6ac7d93ca38afed233,223.31283257325748,39.997750809543184,39.22746148112764,3264.0,0.04153725552457406
b--189-_jpg.rf.f203b3821a6fd8e7fb2933f1d1f050cc,220.6128084756634,39.373722840198326,39.04919769280959,3179.0,0.03945013908596869
b--190-_jpg.rf.f8500a5437f9600a501ed05e07f45bbf,230.94790869274033,40.55255001968042,39.46454783149087,3286.0,0.0403002007733246
b--191-_jpg.rf.25cca24d94f03c439a3fbefb04aeb2c1,235.26094026980854,40.2644915671896,39.54517792846958,3202.0,0.04010174279184073
b--192-_jpg.rf.c14196ab1bdd4e5318fe6fffa0a4825b,239.7200572373108,41.400226903625494,40.86984717082309,3122.0,0.04034320000264611
b--193-_jpg.rf.51e977ee3be285e525620debe34df040,249.45206355657626,42.4802054701635,40.55909677159343,3315.0,0.04320430256903857
b--194-_jpg.rf.34be8174d4d93ba21f988246a70ac27c,238.99067065213887,41.14474532879526,39.70173313728215,3230.0,0.03935091009522675
b--196-_jpg.rf.e2512ddf935ef138ccf01a34a2964ef2,222.49609801328663,41.09159166608783,39.03225413796942,3377.0,0.03894407123318482
b--198-_jpg.rf.357bee5b0c10d970f09c59a3393a1dc1,262.4566203239395,47.69050147024288,43.192674636044806,3243.0,0.052029067479021335
b--200-_jpg.rf.9feec0206afe7c9fee3331950feb61a1,200.23272169683634,42.96939116398914,39.01080427531155,3329.0,0.043700447522748244
b--42-_jpg.rf.b885179b05b2397362ab90785c01de07,206.09417118062146,37.73530335956286,39.542766927563626,1572.0,0.04016128018628589
b--43-_jpg.rf.1012e0967916c3e61fe6ea92b2cf32ea,204.23331312353702,36.532079078890355,39.41999731003729,1571.0,0.03747548217020418
b--46-_jpg.rf.13b8941da5ca6351ca155b8e03c20406,173.51641411968433,33.33336310203055,34.641394724035806,2556.0,0.03081721689142033
b--47-_jpg.rf.bf26dfb6493be881853701aece98cd3d,209.3632144301689,34.93437325315631,38.349951733203866,2454.0,0.03789555156434504
b--48-_jpg.rf.25d97709efc7e2220c6763364dbff910,194.04176991326594,32.91356824143075,35.19943150593035,2783.0,0.03248426393588484
b--49-_jpg.rf.e4bfd917c2351edae1e496cae7cce5f6,194.0401970058088,33.2500471337706,35.60446353943306,2653.0,0.03185912129421065
b--50-_jpg.rf.fa7945cbc17bad7cb2a6f51a138c0b99,172.43871635403525,31.281955869560186,34.6568152448652,2552.0,0.03114798019389345
b--51-_jpg.rf.629a3377dbad2a84d2adadbb5f91cc91,206.78797987933356,36.37118257803533,37.93746875067453,2743.0,0.03691979982204934
b--61-_jpg.rf.a33bb6cbd5a273816c41eb3da87d4b7f,175.81103155253567,30.669894916498805,34.93140094154248,2494.0,0.032811719605333224
b--63-_jpg.rf.f2235a169e66e120185124996e2b483f,162.8888804519089,29.559555586426796,33.091358530688034,2322.0,0.031078519900374094
b--64-_jpg.rf.f2f14bee7ab2dd7e7455a7c56c487a3e,170.9782847901381,28.34299162176555,32.46724602149578,2698.0,0.030979290909632157
b--70-_jpg.rf.844a1e1c7f84d258351b691890f46e2c,160.36046905172967,30.981050570401315,34.43559432543644,2523.0,0.03235195861489559
b--74-_jpg.rf.7d61098f935873621ff43de4aa0e2754,171.69642989532312,32.794268533494744,35.88749472031205,2707.0,0.03389331560442032
b--76-_jpg.rf.ccab4e3168a6124b400213df353a6c06,154.05548815686143,30.98036258273217,33.48525782809678,2830.0,0.03185912129421065
b--79-_jpg.rf.cb73d0bc8fbf6fc9e5b253f08f8cfe0a,187.28859394168197,33.636008216160434,37.67902935283227,2688.0,0.03489222077788914
b--84-_jpg.rf.50411d6e71c6131f7cbb9a51df837077,181.95549139755101,30.147649430590974,33.37219706742284,2747.0,0.03266287611922032
b--93-_jpg.rf.c9117a7469473d38d152efc1fe35203c,173.1074120257335,29.562552301947203,34.20348323177976,2644.0,0.031005751973830008
b--96-_jpg.rf.88a9a63c465d9a0ce86a8f4cf93c66bf,154.2006580860325,28.746757692727506,32.98447688517822,2667.0,0.029103862984609583
b--97-_jpg.rf.dc2e5a0fb01dabc8139ccd815dc3329e,211.09956159091084,32.997850038533926,37.12263517557894,2789.0,0.03853061710509342
b--99-_jpg.rf.d737b969d1dd63b86ae7505b96927d91,226.80339222026774,42.52494120682299,40.72138641604214,3124.0,0.043984903962875126
c--1-_jpg.rf.6dae75ad0dda950816fac8c31f181def,95.83433822219787,24.906400600666156,30.85510063340073,2488.0,0.031538280890811725
c--10-_jpg.rf.42e8e3a2789f55a4ffc79e5b656aa77f,168.62238399853584,21.69180798528765,28.70399103928732,2643.0,0.03633104114364719
c--101-_jpg.rf.15be2b5287a666c82a162913be96efc4,203.1414535985042,28.945976429807065,31.629752872894656,2580.0,0.0377533233442816
c--102-_jpg.rf.edcc422b679813ded72afb41ab91a6fd,203.38777044922583,28.91163327611128,31.295602536672558,2665.0,0.037442405839956866
c--104-_jpg.rf.47eff56a96848f6de85dceaf23a2ff99,205.86558485999635,28.978219236532144,30.685247180042527,2733.0,0.038315620958485896
c--109-_jpg.rf.daf9b848819f646073bb41aeb7d2d898,220.49262099198228,29.007352868213978,30.472220143993397,2750.0,0.04125279908444718
c--11-_jpg.rf.2cd8dcc35af09768db913115803010e6,184.60870798563687,22.17853280014289,29.155085275731807,2768.0,0.03569266796987408
c--110-_jpg.rf.75a93615ae389c739345e7dacdcc8d8f,147.07647456818563,30.167670533289673,31.108264258667948,2686.0,0.03548759472234075
c--111-_jpg.rf.38c651a65b63de9c359be3679687b373,202.1808816418913,27.155323139208353,29.070910745320315,2447.0,0.03613258316216333
c--112-_jpg.rf.b1cacd8b2a743fd732337dbcb3405374,167.16333615156094,25.109624881338664,28.149808171615643,2105.0,0.03324832716459774
c--113-_jpg.rf.fe9759e7b3573904d36e24651746bf5c,195.63686307368647,27.994410100188205,30.28980459436786,2770.0,0.037630940922366546
c--114-_jpg.rf.a3b6c0f8454b923387ccccf3fb0283cc,201.71101817833485,29.099185991512613,30.021979808551073,3108.0,0.04299592168848051
c--116-_jpg.rf.802c76ffa6e8dfdad98bedf841f2ae65,210.78872413710153,28.570900767701627,30.66926105114286,2624.0,0.0418911722582203
c--117-_jpg.rf.8b728066bb99ac4f780f05e66c3ec2cb,203.81804154705162,29.056011457640796,31.380879996475244,2815.0,0.04070373200234181
c--118-_jpg.rf.728266f5cd8a40516ff0f9d8efb35afd,204.9909336177331,28.47784712781686,30.374490788173702,2725.0,0.0373398692161902
c--119-_jpg.rf.5db2a50421701231780ec04800282e9e,209.9240831836664,28.73988112366909,30.472415041608723,2855.0,0.04002897486529664
c--12-_jpg.rf.71fa1747c0f70cd6809914d69fadc47a,193.40812388768495,23.23028733408086,31.0272455216015,2595.0,0.03770370884891063
c--120-_jpg.rf.4375394022e33709ac6ba57d9802c611,213.79530191107472,28.688546659125265,31.25162243089573,2714.0,0.040650809873946106
c--121-_jpg.rf.13954a5fc30057d9c147cf979df2d27b,186.68891590098127,26.01824821139744,28.705481442335735,2614.0,0.0333078645590429
c--122-_jpg.rf.6ee4320011cbc3fac1e9759021fc0ad5,193.0843869355268,26.50702706636104,28.699196039778197,2732.0,0.03521306118128806
c--123-_jpg.rf.69b1fe037b86ab3384757d3c6db6f885,161.47044459302012,24.662270822376797,27.022349664586745,2664.0,0.029924155974742916
c--124-_jpg.rf.4e16953cbcb857fca1cb0870b508ed3e,195.63773191017987,26.239373401999796,28.659333006959994,2761.0,0.03330124929299344
c--125-_jpg.rf.8c94985a4102eff3793005868a8286ac,244.38676659813277,30.172020070717195,33.17733903051736,2890.0,0.04512272972338265
c--126-_jpg.rf.ee0bf566d66aa1693dd8f67e09f410cd,234.5656312718355,29.628251816717437,31.230722813776286,3169.0,0.0447357366594891
c--128-_jpg.rf.41a01504ea1c7378d85d6c3b24ea37e6,194.78869272415525,28.624034584610907,31.69188675308438,2776.0,0.039231835306336435
c--129-_jpg.rf.e205dd3c49e1489bd5550abec778ca40,215.83246223330198,29.091657818748324,30.479808096332675,3089.0,0.042109476037852554
c--13-_jpg.rf.f6f749bc10a80c92d264c5fbfa8688f2,224.91446124873931,26.127297564589803,33.371573278755505,2891.0,0.04404444135732029
c--130-_jpg.rf.673a4a9a79d0e8ee42ad7f1ea7bbb1bd,236.7618188144348,28.129857672550944,29.965068466893342,2885.0,0.04121310748815041
c--131-_jpg.rf.565bc4dc8386b32d847d01c777cb0f38,226.85668497388295,28.30595274715461,30.2928898772733,2930.0,0.03998597563597514
c--132-_jpg.rf.551ed651765b4917add99f33eaa0dbbd,209.6302851410004,27.761731347430466,29.686342253926295,3012.0,0.03990659244338159
c--133-_jpg.rf.d19feb891be7acf76747fc4b280721fa,202.9072969648397,29.025640771207716,29.841652061493114,2826.0,0.03704548987698913
c--134-_jpg.rf.8c7460140476dae88d7dcafe0eeefb2b,136.37390806327153,26.996249144149957,29.557613555255646,2579.0,0.031733431239270866
c--135-_jpg.rf.8e2302fcc5cc1cd5c1690ede9d4dd800,166.29800095447453,26.470395030612142,29.183087996408254,2507.0,0.03194842738587839
c--136-_jpg.rf.a1c7e476bcbed01ae00d09e902a49da9,211.4053845023838,28.979115605081848,31.045467477358173,2860.0,0.04241377827612782
c--137-_jpg.rf.347b2e5329f7abd15c91b8bf52765ea7,198.0527234680599,28.414026348604676,31.66770603393715,2684.0,0.04001574433319772
c--138-_jpg.rf.fe94434129bc590eefb9b7d7177367a5,200.82518766729987,27.75644905748997,30.755878603898136,2716.0,0.03590435648345687
c--139-_jpg.rf.4d2cfb71b48e142ad30c966729513e1c,218.08296417495558,29.631205533008522,32.49186197002539,2826.0,0.04182171196470094
c--14-_jpg.rf.f7212e4392d01bb458776976314524bc,278.84100490030016,29.87548084715097,35.2539480682832,2423.0,0.053772190083054665
c--140-_jpg.rf.7b5cf5b5bcbb8695b6b4891cd32fbfbc,180.4612707306605,26.701128895151342,28.59750632022063,2813.0,0.03541482679579666
c--141-_jpg.rf.d6aa7baa58c99dde66a19e3655546028,225.87274496022937,28.278797080021565,31.790257790182533,2836.0,0.03914914448071816
c--142-_jpg.rf.fb5f460875d029f6681a6b655358776e,255.78163412011048,30.22541519063543,33.72249090508391,3038.0,0.04674677753852566
c--143-_jpg.rf.a810c80c4923fb859cae9d3ef190e745,220.25420369301858,28.86770460190983,31.686826987743338,2946.0,0.042757772110699865
c--144-_jpg.rf.5d79b5b3945d30117f0a74b52e26afcf,234.9960437434661,28.813403190542815,31.382671362364214,3127.0,0.04420320774250738
c--146-_jpg.rf.2e8f6a17e7d4277d406b2e1ff57c46c2,225.16217124572634,28.591196403941375,30.960187414810264,2821.0,0.039724672627021375
c--147-_jpg.rf.a94ce22821a3498b837e463c682f8459,229.57773534022172,29.437907459043235,31.81269257220614,3001.0,0.04475227482461276
c--148-_jpg.rf.fce60e4a4aea662f26c3ef3e92b11009,230.51428118988457,28.88120635991678,31.65153669939172,2914.0,0.04179194326747836
c--149-_jpg.rf.7ba8afd86d487eba8359b4ce88ff4fee,191.47835634312372,26.394137551226965,29.673046640893883,2744.0,0.03414138808127516
c--151-_jpg.rf.03e6ec003f25a642195e48b563308a7b,204.16956738163705,27.98610794129613,30.69104629266308,2996.0,0.040197664149557936
c--152-_jpg.rf.0102d6c85ca35a64ed9833a8926b7681,193.33193723212173,28.02596491924414,31.04492613699386,2689.0,0.03964859706745256
c--153-_jpg.rf.c28b67b4f757d11247d6e03bbc612576,193.11887801102068,27.79011083878266,30.80255576178421,2944.0,0.03855707816929127
c--154-_jpg.rf.2257266012d54ab0f2c7312faa362873,214.41857755282174,28.299277943710702,31.76415717720987,2829.0,0.04025058627795363
c--155-_jpg.rf.568d629131928f6376ad0140098bd124,230.54330501168596,28.757299119177326,31.559313273968137,2847.0,0.04444466495331276
c--156-_jpg.rf.37d33e02dc0694521306f5112c277eca,214.3508414741303,28.801889319983726,31.58208009815518,1691.0,0.041186646423952554
c--157-_jpg.rf.547121286e5651233af48e5b4b61e9df,200.03907696000763,27.33581405810188,30.52186310418966,2858.0,0.036476576996735365
c--158-_jpg.rf.f27c8510949e8aa1fc1cabdfa5a4f953,210.9639830047456,27.78560253496995,30.67046585747476,2920.0,0.03976436422331815
c--159-_jpg.rf.f5436d4de35b2941d845e818f66ecefd,216.21166066597146,28.661192534010738,31.306239808082275,2957.0,0.03906314602207514
c--16-_jpg.rf.4a6541d67f08b7ae2b4b2e7fa0fe3888,221.4481146622229,26.31962319444582,31.653312111516904,2284.0,0.04506649996196222
c--160-_jpg.rf.d149000a110943ad99a08ba14a81b133,203.3911300550773,28.720686929226577,31.50849819251572,2787.0,0.04030350840634933
c--161-_jpg.rf.7367e73158575ac3aff6ef44f27b7073,225.09791253782063,27.228332522963242,30.807155571623042,2618.0,0.04322084073416223
c--162-_jpg.rf.c338b7c3cd905372ad56f259dc7934b3,286.1667648712223,28.839563260135414,31.68096435671526,3187.0,0.055693924870423475
c--163-_jpg.rf.f83be47c131f5ebee37b6522f99ef9a7,205.03103170335592,26.08865448796187,29.704280960453165,2798.0,0.03423400180596763
c--164-_jpg.rf.9490f6a8e7862c2eab5242d5717fa1c2,226.92129799206072,27.397319494196758,29.93995141267186,2934.0,0.043753369651143945
c--165-_jpg.rf.e8747abd784155dacfe1f99f237d4ae5,211.61562976580728,27.093523323774274,30.85762877870501,2517.0,0.040372968699868686
c--166-_jpg.rf.d5a1eb5d90ef164cf73c9f9d3988b357,182.0095782646552,25.576692433127928,27.801664860372455,2540.0,0.031538280890811725
d--1-_jpg.rf.b37e794762fcd2f017ba3289c0e8183f,461.1073151986647,31.447263253743422,31.3296124884065,872.0,0.0551311884527182
d--10-_jpg.rf.a1f6620b15819b628cb1d2c5d9bf9a02,150.24241897527656,18.209247480410543,27.922583468098306,1443.0,0.031862428927235384
d--100-_jpg.rf.0ccc45d52c7d33090f21ec9aa41f2abd,165.25952062315903,22.484588083921267,30.503882382043162,1764.0,0.03850746367392031
d--11-_jpg.rf.4db674087c03120600e504eabadc076a,113.50642266094427,18.667804492427173,21.24781664933039,1614.0,0.030582374946664416
d--12-_jpg.rf.76a846b929a17769e8ec120f0ccdace2,138.88929850503536,18.312531629240798,23.184361891453804,1562.0,0.032729028779714946
d--13-_jpg.rf.79e413c77f10a17c6d3c6286565f93df,133.57562916894568,20.947306098283008,27.296007803555106,1505.0,0.03550082525443967
d--15-_jpg.rf.c954cc5e9ffe3b94a7caaf8dd0c2bedb,122.4918746022734,20.44788658787885,26.67796597999264,1589.0,0.03642365486833967
d--16-_jpg.rf.f5f93d055779c902fed83e37c3280d63,134.77969507048547,16.262946902567055,22.85634224530552,1250.0,0.03290764096305043
d--19-_jpg.rf.97a2d77dd77d340a943e281e500a4725,101.53666653268931,25.93905686151933,31.963455324814046,1343.0,0.03494514290628483
d--2-_jpg.rf.8783fa964b0a692353d066d49e92de29,200.2203787215543,32.96811344934574,23.862164302026983,776.0,0.04194489410495076
d--20-_jpg.rf.d128e4b9a9d087f8ba0e767086187f9c,134.3494900419759,23.711442094922454,30.358082389895337,1528.0,0.03521636881431279
d--21-_jpg.rf.6f4debba76d18342e361428f8e6b6992,137.67333077054994,23.305109300733303,31.200541453643872,1512.0,0.03262318452292355
d--22-_jpg.rf.38a21c4b8630916cd86979c317d891c5,118.61517332639893,23.95715622943066,30.295286106414398,1419.0,0.03589443358438268
d--23-_jpg.rf.2908633872ad3b5fe524cc540d4f3f2e,131.36048459343982,21.63327941891503,30.178242124772574,1319.0,0.03472353149362784
d--24-_jpg.rf.0c0f05aadd997133f7cf2f011b29aee3,153.04883348645683,22.806500160420203,31.788270021775674,1345.0,0.03326817296274613
d--25-_jpg.rf.3612d09696145227b13e824062a159b0,99.60418873285437,22.04666739434593,33.25072321391622,1259.0,0.030913138249137533
d--26-_jpg.rf.9037c5dc255b58eec1148f4570069e3b,190.24560700312006,24.443437821460584,30.998496511410284,1897.0,0.03628142664827623
d--27-_jpg.rf.2e1b5f94935bfe187979db71d1aece54,205.75295580621253,47.26226553016396,43.7051152659424,2314.0,0.04557256781474609
d--28-_jpg.rf.6ac3e5875346b295980f47d51d2ffbdd,101.97052683299582,19.274536848685713,24.349445358606545,1203.0,0.025376160565737552
d--29-_jpg.rf.80bdfcbb7549c16b410a986ce7fb8d97,150.94526442483897,31.63228712900761,35.81944781069673,1854.0,0.03649642279488376
d--3-_jpg.rf.8469e5e5df1eabf5092043affe883127,382.17304294386133,32.716216444084715,29.895311618421722,887.0,0.050536220153783895
d--30-_jpg.rf.c15d6e586efe0fd55ee78f1280a4ed36,98.58977318251523,17.66922015936176,16.417622394473767,1073.0,0.030410378029378397
d--31-_jpg.rf.e974a263856c8993d294bba282d7bef4,151.77840174785632,24.178671720729927,23.716212402048942,1542.0,0.036896646390876225
d--32-_jpg.rf.644adb98535b87f67582f61ae029981f,150.35111793691883,26.9298649493436,26.24646974128591,1686.0,0.037667324885638585
d--33-_jpg.rf.7b594b748ca1a20c06e43b85bc31bd75,127.81132810301538,19.96032494186835,23.371743721609768,1224.0,0.03417446441152247
d--34-_jpg.rf.68e7b8ad1aec84b5f8e3c2838435eba6,78.44935502460719,28.908656406389024,25.569277899585728,1470.0,0.031723508340196674
d--35-_jpg.rf.cc3d07de843449fba3130bd17e0e468f,110.98284603134113,24.47080517710721,26.11015642085396,1377.0,0.036443500666488056
d--36-_jpg.rf.6a25881ad85e8be7d3ff573059fcff0a,149.94883443596746,25.56127224796663,30.07248761169908,1220.0,0.04422966880670524
d--37-_jpg.rf.3553c23c77a07d2c92c9a40a34ca8aa7,125.01830194370889,27.08458609934145,28.677751087267282,1445.0,0.03432330789763537
d--38-_jpg.rf.7af616cb2ee6ec5bafbbe16be5f4c54d,113.15062628766609,29.142439908577025,32.141450042261496,1500.0,0.036069738134693434
d--39-_jpg.rf.ad058b973ec93f9e4c2974e46ee53cf9,164.89631562542945,28.60068600308933,28.087663052204174,1471.0,0.03879192011404719
d--4-_jpg.rf.81ae2a86ed4fb978be6a19aea9dd76a2,351.5960979455642,42.54904390934844,38.817985568177725,854.0,0.05279576419803049
d--40-_jpg.rf.6da89bed0ed9949fb0de2e2c108df063,123.34419106476307,30.7785341231961,29.90017844686394,1519.0,0.035881203052283754
d--41-_jpg.rf.fa1e77005aebd7cdc1a3036b6bdfc688,222.61735548889473,34.50261137627302,32.2749800827879,1990.0,0.048430362748113825
d--44-_jpg.rf.1de3a59c532136bf8a8317d4186fea19,176.21433995563143,28.105632568277816,31.481193262520996,1939.0,0.037028951711865474
d--46-_jpg.rf.31a842b5da49a89c847db464d4133082,236.9106175733093,26.501218862769612,29.252376203920264,1727.0,0.043439144513794485
d--47-_jpg.rf.c3d2afab2860b6f694e63a9feab62d4a,143.31433501027965,20.178172268143193,24.9937528467397,1434.0,0.034277001035289134
d--48-_jpg.rf.1de6406b1b8c7e920d956f517c9711e5,200.20205945950593,25.242939030400454,30.159681043156407,1913.0,0.039096222352322456
d--49-_jpg.rf.57ff6e75b0aa06501ee10ba821af9330,240.33380144572763,28.6936205681852,34.02615510155583,1605.0,0.040650809873946106
d--5-_jpg.rf.59708317c37f56ce648f9c64d6af4651,106.04591898064542,26.988320747789675,34.72181017740903,1647.0,0.030274765075364418
d--50-_jpg.rf.3fcb0c278b1fa8eaaed9e1e5003c058f,114.57140841887622,23.98627663058039,29.58498932329549,1424.0,0.03281502723835796
d--51-_jpg.rf.bb812420559f51584cd8916a9b0dc1af,161.15955595151354,25.611498655447175,31.53312398740841,1466.0,0.03956259860880955
d--52-_jpg.rf.086e80a05c54229e7189ec3bc38c9940,171.72810442351633,33.390578538092356,33.65419061215326,1632.0,0.03914914448071816
d--53-_jpg.rf.a15e6635cea49e2d6a44e4dc1b1fc7b2,89.01795035073485,23.56347182392808,24.518150967134122,1357.0,0.03438946055813
d--55-_jpg.rf.1ebab6ba7f844b41db563a0fad20220e,81.78644721882024,28.900562628377507,30.654391540382345,1418.0,0.03737956081248698
d--56-_jpg.rf.3164c60863f414f6cedfd7ecd0fa4803,138.5834416735932,31.521302810495783,38.11000321928537,1299.0,0.03907637655417407
d--60-_jpg.rf.ca87b1db95fbdaa538c6e67ead860471,200.55307485344466,24.984397895022344,33.66163680919018,1871.0,0.03811054771095256
d--61-_jpg.rf.846526672728e3b39e8036de5ec417bd,200.26180787816145,22.629191184496463,29.221078490087915,1512.0,0.03743248294088267
d--62-_jpg.rf.6cd517c4babdebc6c2430edf4dcfc630,262.16127072541235,28.96296774065511,38.69723148891776,1824.0,0.04763653082217834
d--63-_jpg.rf.b897950c06d977c081d00ce9dacb0f20,207.63054498896415,27.297455437914074,38.118594644210376,1729.0,0.04254608359711707
d--64-_jpg.rf.d74f57aab2740dd26ac7d2d280a0766e,245.27043141940234,24.606332132662544,31.329383512153452,1668.0,0.04135202807518911
d--65-_jpg.rf.cf0178aff411224dd185c969eaa962d6,191.90781625495362,21.915208827411018,27.665273303818516,1953.0,0.03786578286712246
d--66-_jpg.rf.a4b8852b9ee24d2f6df20ddc07f92739,158.89644684042653,23.807138533593974,28.5616903329772,1680.0,0.03796170422483966
d--67-_jpg.rf.32b771f2ea71f27dcba75c84b408d632,186.0591783130051,22.356665376689786,26.62294973947714,1756.0,0.03678418686803536
d--7-_jpg.rf.503eb53780af3e6a457906f2a521cbcc,110.19071774980658,28.12770109581882,29.441170698741953,1355.0,0.04026050917702783
d--70-_jpg.rf.a7656f7157afeb192525881c0ffc6a74,183.9533509645047,24.316100565274485,30.353113683596177,1608.0,0.041699329542785886
d--71-_jpg.rf.d9984bee2fb7fe8ad3b6f3638f26ed00,293.6224593178925,25.112227988529128,31.55423363702093,1942.0,0.04358468036688266
d--72-_jpg.rf.834f2832ac385eb81c5a5810faf514b2,168.40675285677833,19.54888846992204,25.68464812393245,1691.0,0.030466607790798825
d--73-_jpg.rf.599b07f111910d96af68c390dcabdd11,200.7725586368448,24.491444807181534,31.444251802074437,1561.0,0.0406607327730203
d--74-_jpg.rf.80a5a2fe450b34c87e907c2353478a82,302.7211684880844,24.161121419900706,31.18927563821205,1820.0,0.041557101322722445
d--76-_jpg.rf.5aafa5ee502ab73fc1ecbf43fdfa6a27,204.92286166937814,23.952449467636466,30.836542517783524,1908.0,0.0357687435294429
d--78-_jpg.rf.728bfa8fd6e0b020d9abb7bb476fe38a,260.80605025231,22.754821702041802,26.876163922352248,1807.0,0.03967175049862568
d--79-_jpg.rf.c472cece867649daf754f7b4080b8838,174.22926156872515,23.48978437540312,28.53718918706313,1522.0,0.04022081758073105
d--80-_jpg.rf.61364baef7135bfa6780c7336a8c5f2b,217.0204770550279,27.01604532780297,31.480815368353117,1593.0,0.038395004151079444
d--82-_jpg.rf.53c568470b22348b48a22872b5f8a115,186.58484577071013,20.785523151777358,27.62186456795762,1766.0,0.03736302264736332
d--83-_jpg.rf.705f949f88ba725cc39cf0a559ddfcf3,152.88264719935097,20.84987976753955,24.697705095970957,1710.0,0.03363532022849129
d--84-_jpg.rf.cc08c7955f217a2b3179bc9b5382291a,181.26795465616573,26.26958532204769,32.33761899414566,1697.0,0.0425923904594633
d--86-_jpg.rf.13962b904af82d609f113f9e4110327d,185.0379653245465,27.845854378148452,36.659532762188235,1854.0,0.04260892862458696
d--87-_jpg.rf.4820ffe6fe6ac2a6152faecb66d0da51,128.1918189047784,26.198801975318442,30.528618770768343,1495.0,0.04280738660607083
d--88-_jpg.rf.f2b002af650abfd14080af0c1135ecf8,164.03175278533044,25.05761565965779,28.658812080944593,1853.0,0.04238731721192997
d--89-_jpg.rf.c198ae76872794fcaa2758c4c2d53f7f,135.24946822621106,25.962273137719915,34.78767134415307,1599.0,0.04497719387029448
d--9-_jpg.rf.482090db96f3b7aff16ddb757f09f6ac,92.58414361657647,14.336998190724735,20.199369632215337,812.0,0.029136939314856895
d--90-_jpg.rf.be797c64ec07c91d4e3c10885d756781,116.18902762187699,24.607962795743738,36.19140850701377,1279.0,0.03902014679275364
d--91-_jpg.rf.8fa85765205b847e6fb1a441d1570edb,251.287607897407,19.529241129755135,24.05973347507683,1786.0,0.0341248499161515
d--92-_jpg.rf.a426e9866844833c6da39297392a0fbe,123.03861661486353,25.838729736613182,30.018566280568006,1631.0,0.03754825009674827
d--93-_jpg.rf.c18fd024483919ec196960833ffa6c8d,198.178998442504,21.223986293168746,26.5376754507794,1731.0,0.04083934495635578
d--94-_jpg.rf.c21231e219c54c9f25c46845f398d0ba,156.80451332645976,27.4534037197641,35.22567563181793,1774.0,0.0443322054304719
d--95-_jpg.rf.3f20d8105828e62cbee2a97633700324,173.2625043848091,19.946872798356768,24.531978921174783,1759.0,0.0386662300591074
d--96-_jpg.rf.fa53ef3bbb73a76f4c0bab86be180cdb,287.01708973042156,22.611693805795635,31.349924023008622,1728.0,0.04305215144990094
d--97-_jpg.rf.f5e8706299d9b339b6b457fefd93c41f,207.8257783154463,20.06625519711839,24.740366341479536,1803.0,0.039496445948314925
d--98-_jpg.rf.677fc29b6cf52c40e5a8a9bdc54c3666,297.83770430550965,22.891496406256717,28.180240890650538,1681.0,0.03897714756343213
d--99-_jpg.rf.3f19712821f13dd35d39664efddb6b42,170.1420061926407,22.38862372697474,32.620182127989274,1611.0,0.03346993857725473
f--1-_jpg.rf.699189e14e6d004d9b979c91ac0e5f9b,151.0423631856948,116.35048341056657,34.31035681895059,2232.0,0.04932011603176651
f--10-_jpg.rf.957f6d5190657543d1c2bc3822720c18,93.31019685753887,79.12194581435578,33.05339747876855,1502.0,0.035199830649189134
f--100-_jpg.rf.263be2811911ef202e4566fb7b3c936b,144.68131455398452,36.528314992508214,30.491910496152222,2087.0,0.0301986895157956
f--101-_jpg.rf.c9b730a776f016df07324a624fd11533,151.63539850534323,33.439964806784616,33.58521405467015,2863.0,0.028313338691698834
f--102-_jpg.rf.3a1621a4cc81d527e810ad781f0f9e4b,150.35975337337882,33.621319017897605,33.754886135710926,2780.0,0.028121495976264427
f--104-_jpg.rf.e26c7c74960d87134c3922174644d53b,183.54706539108727,38.723703490545134,39.287488125015024,2699.0,0.03312594474268269
f--105-_jpg.rf.17f910fd876b88955018fb10fb4ed4d4,202.91405747686446,36.616006959259884,36.748815754171524,2995.0,0.035798512226665476
f--106-_jpg.rf.a7703a859dcddb2f4850fc1f721da0f1,211.80716168456357,39.352636679665665,40.69423387338953,2972.0,0.03761440275724289
f--107-_jpg.rf.d3252e525e90ad3be5f6cc396d49006b,200.69177011972673,35.32685698787091,35.2071424978587,3029.0,0.03315240580688054
f--108-_jpg.rf.959750db9c9ad9c6e5d9d6ce284d08ff,195.96673386250544,35.815235619238514,36.91953926961481,2922.0,0.03298371652261925
f--109-_jpg.rf.73a6498288b2c1d9786dbfd54bb910b5,178.75324320434999,37.6942887100562,38.25284729654025,2792.0,0.032355266247920324
f--110-_jpg.rf.93fd531fbeaf42c7f75340a53f0f292d,181.30987353922512,38.219243147411284,38.2919837686864,2818.0,0.035652976373577304
f--111-_jpg.rf.f5c6f5877b1112d6009b3ec8dd17d663,177.82782423089137,35.39859954817733,35.917135440985255,2859.0,0.030099460525053665
f--112-_jpg.rf.a366549fb0813902426a1091bc6dbe1d,151.88697153692777,34.49783515418531,34.490661363945364,2952.0,0.0287234851867655
f--113-_jpg.rf.ebfe0e75dc3b6de235c319613f9e6f94,150.57281226712013,33.26480248469393,33.741023789386546,2874.0,0.02873010045281496
f--114-_jpg.rf.8e4bec3f92161aca0431fd207dc6fe55,186.57965623465228,36.61123735243822,37.39429213851382,2758.0,0.034611071970786986
f--115-_jpg.rf.ecf03ea7154b8b8c12bad65c0701db7b,180.04781877717775,34.84967469429202,36.44591126347943,2815.0,0.02960331557134399
f--116-_jpg.rf.bfbadee31a8d482f4b08417c00cc6a56,111.98787473415754,34.33718341817412,34.23508852753096,2820.0,0.025726769666359058
f--117-_jpg.rf.0e8b93cdfa25ff13cc0bed58c2895bcd,173.28322920320275,34.16305638522017,34.291598095105506,2927.0,0.03340709354978484
f--118-_jpg.rf.e8f9f0608c9cc64125af6a356a284adb,157.13327098893146,38.54332172354142,40.067343583060385,2726.0,0.03673788000568913
f--12-_jpg.rf.9541df31c1b892e14d9859d7fa9d2f49,124.35216905954722,119.13960526707483,32.61272658240868,1725.0,0.04148433339617836
f--121-_jpg.rf.2ca8cbc77f8780f3298f654ec3bbad5d,201.59650845903437,35.06590128038474,38.67230347399327,2686.0,0.038087394279779446
f--123-_jpg.rf.0d993b178e0f00f7c3b964078e1ea71c,235.6355427101828,35.62405443040905,38.53890839985737,2940.0,0.04122633802024933
f--124-_jpg.rf.dc876351e42b4d0d4d500b9621372d31,172.32213737891936,36.114966708673606,38.996066813427724,1722.0,0.037948473692740736
f--126-_jpg.rf.44beb6c00c85e48d6142d304e878af86,247.5706663877824,36.67574942695258,39.68361686264724,2718.0,0.043802984146514914
f--127-_jpg.rf.f81faf61d683211feab8f6b395436867,121.42810319057621,36.02515785678611,39.32801511205823,2201.0,0.029722390360234312
f--128-_jpg.rf.005aea351d3f72f09aeb3661eae2451f,213.96453407487934,33.569147722198515,36.3937019318746,2860.0,0.036013508373273
f--129-_jpg.rf.def71fadfc5e0fa09d39531b50408de2,206.22792723483144,29.26606269287635,35.31075938325137,2141.0,0.03947660015016654
f--13-_jpg.rf.93b0d4460a582a053ba7d3a2a6584408,124.06536173708366,119.64584180914296,32.56789348646022,1753.0,0.04181178906562675
f--130-_jpg.rf.7852150ca73a83d5dc181c0978743e27,268.4460375971788,31.07371390958916,36.528971272433914,3036.0,0.05434771822935789
f--131-_jpg.rf.991d43b22eba4bce769f9076b97ab829,212.2742329583877,26.852125650363345,34.41769656459886,2185.0,0.03861000029768697
f--132-_jpg.rf.e7054d7cc1c62a6c231eb6763eb53ebd,227.32709430405,29.195749030036616,35.63203460979333,2619.0,0.04228147295513857
f--133-_jpg.rf.306c671349e42b165ffff007eaac651f,225.64029716406273,29.52734916366499,35.83372159489133,2668.0,0.04230131875328696
f--136-_jpg.rf.e4e9f3d26b1c56e177b903d69402179d,193.86568488888616,27.881457740026658,34.213832766687844,2306.0,0.039737903159120305
f--139-_jpg.rf.4eeda4830b617ce5b5a14f8e5681a9d0,196.00844214203616,26.988403438615293,33.540112117273324,2501.0,0.03947990778319127
f--14-_jpg.rf.a36ddfc1398b21659648730b274087cb,125.22014943797387,121.19385044868042,32.53397662940581,1748.0,0.041699329542785886
f--140-_jpg.rf.f50ad505a7e0b2961a126222678f860d,209.21565103771758,27.99797242095584,34.22240008478871,2725.0,0.042291395854212765
f--141-_jpg.rf.d54f0789ca336283a403f9af9b8bc9de,167.93197507703147,19.533987583145624,28.256449196439693,1768.0,0.03315240580688054
f--142-_jpg.rf.b328a493de4fb2ac27cde9e95fd16308,192.75517487299874,22.144222722777354,33.03693628735349,1929.0,0.03856700106836547
f--143-_jpg.rf.6aab1e08b0669114b90a4657ae5b2450,168.89933884485677,19.21175466624329,28.532866506549848,1886.0,0.033109406577559036
f--145-_jpg.rf.6fff0983c171566ff671ff960bd11789,157.00031389038188,19.112786978510307,28.18690827232814,1947.0,0.028204186801882705
f--146-_jpg.rf.a810945763576cbf6e4c634833f5f804,189.08954596907955,21.617690544469472,30.158037283114965,2102.0,0.036618805216798805
f--151-_jpg.rf.e57cb27ac1e3f8e9f46e5f11161721a1,154.20195607067694,18.257486000443222,28.02046616299033,1748.0,0.02827695472842679
f--152-_jpg.rf.c7225dd918fc402b1196e14a9fc6372f,143.74804034293925,18.028974865296647,27.801424157734726,1730.0,0.026748828271000988
f--153-_jpg.rf.5555f62fbe454aca03c1c7a73838a8cf,136.76432102764235,19.334567080451556,27.725596868209063,2124.0,0.028511796673182703
f--154-_jpg.rf.6410217c279eca5420ef7dafedb9aa91,154.14975981228298,18.96856756336598,28.17806185131687,1945.0,0.029381704158687003
f--155-_jpg.rf.1552cea12cdf8946546803ab306742b2,166.28137323444088,19.102318319987035,28.449671772647466,2005.0,0.028663947792320336
f--156-_jpg.rf.fa96c19fcf58ef257c2b7ad513c25974,144.63806424920054,18.563944815450615,27.454457424250265,1943.0,0.027109360270696686
f--157-_jpg.rf.b6752ccdfe244dd4d51e6ca9efb7801d,76.54262937981724,20.052713747515142,29.497121778832053,1357.0,0.02638498863828056
f--159-_jpg.rf.1a79a131f5bb801957e56d10672aaea7,160.5689391784805,19.429049617803003,28.340609648636942,1956.0,0.02960000793831926
f--16-_jpg.rf.d2e1b06b454628210af7a8335d9dc8e7,104.0965496287438,119.05017348535215,34.50005307397028,1752.0,0.03908629945324826
f--160-_jpg.rf.b00bc4876aafc7b50973cbca1dabd82a,151.39948865543914,18.76355385322709,27.951442872972436,1989.0,0.028687101223493456
f--161-_jpg.rf.8e1c921defce9434d1ff5911afa4c1df,162.5017177906421,19.174242800109813,28.513138911930795,1772.0,0.029474317883379474
f--162-_jpg.rf.b40271f86dda53317eb1b2357193a640,156.35983208102135,19.734889905434773,28.32894344285381,1810.0,0.029973770470113882
f--164-_jpg.rf.e3442a567063224300451590821fa13b,129.80821999960972,17.578647244245545,25.65281226027581,1766.0,0.025409236895984864
f--167-_jpg.rf.3649af3ef0b249fec5e0d975163a8cca,147.02746409401422,18.23479894552659,27.8571529085113,1607.0,0.027043207610202062
f--170-_jpg.rf.e08598288df1e9d1418207ff722e9da7,53.39274705822519,17.502353380897095,25.357763465262096,922.0,0.0180596763150322
f--171-_jpg.rf.d6f04b8c38df9a83530c49f08d76b49f,150.63406447882107,18.04872804972034,26.811290146273908,1838.0,0.024817170584557985
f--172-_jpg.rf.e8423a42302a5882786f94372b8ed1b2,158.7522346956616,20.534966642520946,28.0396989572158,2315.0,0.030893292450989148
f--173-_jpg.rf.a53617ffec15f00b4a1e9830e4a0a16d,131.81368603375,17.834439736580105,26.379981812411497,1954.0,0.025409236895984864
f--174-_jpg.rf.6334df4c96601acc75d33b4a24ee5978,135.32218337237106,18.42595036565883,26.57886394784374,1866.0,0.025551465116048305
f--175-_jpg.rf.6d860ce31dfad8fc07945c12b9f036d6,144.90405164687675,18.69315088429569,26.556045482999085,1994.0,0.02884586760868055
f--176-_jpg.rf.8d1ed39d1ca8b07b20f3838d03970ec7,150.93002691828988,19.21353748044362,27.71330687687542,2089.0,0.029633084268566572
f--177-_jpg.rf.cae1b0c56ac85372c871864947a728bd,159.31331540103085,20.34641832957917,27.35593961734123,2386.0,0.030820524524445062
f--179-_jpg.rf.fb1ffa9f3a277cb8addefeba2af341f4,160.21452097015953,20.616489873681495,28.186146160018264,2437.0,0.029510701846651517
f--18-_jpg.rf.0a020df75e5c062dfc1e9106a9a0c5d4,111.08544461839084,98.14422272277736,31.08144938516204,1605.0,0.03781616837175149
f--180-_jpg.rf.427c3a4144b8277bbd7bedc58e6c960c,155.9293382046243,19.977405558808062,28.91041477239092,2133.0,0.029308936232142917
f--181-_jpg.rf.11b6cd9aba944d823c3d70d59ef55398,173.5061710809526,22.911242975414364,31.832034509002224,2133.0,0.03709841200538483
f--183-_jpg.rf.11da9ad3cc7c17b1fc895c889af775c2,157.07682908888603,22.121502591530476,32.30401415891202,2090.0,0.03445230558559989
f--184-_jpg.rf.efad807819e526ec9ae77888e9097106,171.27603462595732,21.804895958403208,32.123152803535376,2100.0,0.03459784143868806
f--185-_jpg.rf.4733d81ee5de27b0008254efcbdd77c6,134.3948825919144,19.228835283183003,27.19000128039507,1859.0,0.030519529919194526
f--186-_jpg.rf.e42e1df994d0161357df19409ef8f656,129.0033851320007,18.128610694900622,26.32281621942738,1882.0,0.026851364894767655
f--187-_jpg.rf.baa5d2f3fd4991c1d3e09c23cc4dc10d,155.86260295962083,20.46004544687776,28.914373390789052,2110.0,0.03250741736705796
f--188-_jpg.rf.6e63148932ba4a036c2de55b8b56d540,134.4500982245225,18.79893229605962,26.38073894965875,2239.0,0.029074094287387
f--189-_jpg.rf.57c51e6d74222c4360fe65cb9673848e,160.28809716790482,22.85769570437699,33.30597922925648,2048.0,0.03655926782235364
f--19-_jpg.rf.241fd9188d7232aeda591ceda687df12,107.1893285235323,97.44140031951736,32.95260344307767,1582.0,0.03831892859151063
f--190-_jpg.rf.c10118d9d0bec0f1a5f4190f9e0c48d4,167.86976377542402,21.36152098197009,30.57516007664976,2191.0,0.035652976373577304
f--191-_jpg.rf.5c36a1a13dbb86362f4e4e777b97918e,176.48497505281773,22.05270051698304,31.66365481855888,2189.0,0.03454491931029236
f--192-_jpg.rf.4639b659436191cbff74facf5adcfbd9,160.10950256884803,20.68775282719933,29.125385248430703,2140.0,0.03238172731211818
f--193-_jpg.rf.c53bbf140a789320a5f83a8ef6836806,163.84624796717947,20.741938471410474,29.24770909748267,2330.0,0.032864641733728925
f--194-_jpg.rf.3e113fb70346cbe419d7faea5d190ec1,200.80374864989923,23.522516711815857,30.475385654850584,2797.0,0.04038950686499234
f--195-_jpg.rf.839dce1b7e9c72eb5423579192199459,165.67913901122944,20.76055383007366,28.733585590251543,2330.0,0.033734549219233224
f--197-_jpg.rf.acc2789e7649bb1d09767ae33449c452,150.9643458751432,20.99558761754501,29.863948230121384,2151.0,0.03385031637509882
f--198-_jpg.rf.de67564fee7f70dc75f52abb001836b3,153.48663047681936,19.842851047361997,28.97031840435283,1822.0,0.03235195861489559
f--199-_jpg.rf.bf2c9e766e9c76416fe5c2e260b747a7,158.73916843084294,20.51652658840807,28.210626978721194,2119.0,0.03422407890689344
f--2-_jpg.rf.48c1fae4ea61bf253c183576ebdddeeb,155.7648468434858,116.59188769924354,33.79214886270466,2118.0,0.04603563643820845
f--20-_jpg.rf.9773106d087d869e233fb4fa34c07f1c,90.48434320967307,92.98540010782884,33.0920305752256,1479.0,0.03115459545994291
f--21-_jpg.rf.51e0a86c8c7a52083825fa472f5a1685,113.46555187007806,93.86696038447926,34.219902099924134,1546.0,0.040227432846780514
f--22-_jpg.rf.5d95230e6444fe95c7c1742eab989b4c,122.06922208403174,98.22162464318909,33.914666411691655,1688.0,0.040644194607896644
f--23-_jpg.rf.2c8c6fd25357e8c6d3260e03082fb902,79.29246415738491,98.82203280510434,30.984661723988904,1412.0,0.03624504268500418
f--24-_jpg.rf.a62351a6819e1d02f25edef09821a059,88.72160312142005,101.8480407235778,30.272008911017878,1508.0,0.03608627629981709
f--25-_jpg.rf.fbd9967af32f374181cbda610a2fb772,103.01879047258733,81.4087870578935,31.357872347657935,1330.0,0.03457138037449021
f--26-_jpg.rf.c6a348bd994c2ca70db4e76cde714011,85.02870684194968,91.37944835296413,33.35536479805238,1436.0,0.03659895941865042
f--27-_jpg.rf.1ef47c45fce0647a41de20357523b7cb,110.01578377202617,81.61910621140406,30.35949470458674,1476.0,0.03655926782235364
f--29-_jpg.rf.22cd3b7d350a4b105cc66892a091e040,73.46968617272616,98.03538175046555,33.523547983738325,1622.0,0.03388670033837086
f--3-_jpg.rf.9e24d9bf9a05743edeb92e84dafc660f,161.76854868685984,115.46573788331332,33.32871105112014,2151.0,0.04924073283917296
f--30-_jpg.rf.f67245f2b6da827ce462da8693afa6a2,107.49173797334669,87.24318048761126,30.680106488401183,1637.0,0.038087394279779446
f--31-_jpg.rf.446d98c37862c312b8a1ac02f05e3c94,176.18886821411965,19.518124175159013,29.476770748422627,1504.0,0.02664298401420959
f--32-_jpg.rf.fc9c354baea7b4c07e03337cc173dae4,153.11762452931384,19.344546209287174,28.99216929949234,1490.0,0.025673847537963358
f--33-_jpg.rf.0489564c118d7698278c0a896404d5fc,191.45474995476283,15.43364061244133,25.942696571718162,1211.0,0.026146839060499916
f--34-_jpg.rf.0f6863103f0af91c1610090972e1a6e2,136.63925937326394,17.438565678015156,26.571377139566966,1437.0,0.02206521990798165
f--35-_jpg.rf.ab4368b505c59a4069b3c12c33a267b6,168.19680747014291,19.043124919376446,29.00657806402635,1436.0,0.02716889766514185
f--36-_jpg.rf.e07c85c0cab720c33ed77fb7f06bbc53,145.17498913375988,22.27840347169162,31.7577992789657,1466.0,0.033562552301947206
f--37-_jpg.rf.c2d46a39d47b9bc3b85e5b22e012bc92,150.6416007267651,21.411578700166373,31.07125032110986,1477.0,0.031396052670748284
f--38-_jpg.rf.e935b9dd6b238382233285b63064e2c9,241.98182781357355,26.504777875904225,33.998186972253784,2304.0,0.0450003473014676
f--39-_jpg.rf.2ec59d11412e285ffea6c5748785e800,328.5669639743132,31.153768551686728,37.48104025165593,2658.0,0.056332298044196594
f--4-_jpg.rf.49131f860876f618465a87c38683cff8,157.1521970278447,115.29145208397419,33.08386455053497,2116.0,0.047090771373097695
f--40-_jpg.rf.2fc6725119f97c4f18fa2876f0761a3c,204.95971426888352,26.774793190245127,35.26227824242809,2398.0,0.04540718616350953
f--41-_jpg.rf.838b9b8fe44bd55f55adccd26541fd5d,276.24585789056016,26.17948870608704,35.20208256346922,2278.0,0.048241827665704146
f--42-_jpg.rf.f3ae1202af7aee62610dee8451720b36,182.74922536984428,29.635826296344074,31.52511405302271,2374.0,0.037905474463419235
f--44-_jpg.rf.9446f471d72ac3e81e99e1c104cd2721,230.03094147776437,30.556505948777996,37.36778923451545,2463.0,0.045592413612894477
f--45-_jpg.rf.90784e93d46b594cb241ebe5230b390b,260.15447522561,31.96695343844991,37.498786303155676,2685.0,0.04977326175615468
f--47-_jpg.rf.bbe1ca316c49d255ba5bbbca3555b2b1,244.09914393432047,28.738465456734506,36.1948816162159,2678.0,0.04701469581352888
f--48-_jpg.rf.a6979d096869f6a0ccc62dcd471959cc,270.3837993270679,31.325044404973358,37.86870406377483,2888.0,0.05933232119762777
f--49-_jpg.rf.e5600c4ca8657e0b4f59e4fbc3c1e504,309.8695522013255,31.141527001862197,37.66891997589884,2771.0,0.05671929110809014
f--50-_jpg.rf.09205744ac34b02ecfda68bf236f88a3,427.0662749797246,34.19805114262183,38.45856242095665,3378.0,0.08308774158124704
f--51-_jpg.rf.61ed38e6a680d9977da57b7c0af7887a,331.70487397663913,34.471165709106906,40.07093178765639,3206.0,0.06791232126378043
f--52-_jpg.rf.0201ebf066889efba63641ec277de322,242.64286363558327,28.16200455791831,37.89097338372525,2375.0,0.0462109409885192
f--53-_jpg.rf.089c18b94681b1fa73aa58b9d360c586,165.71481214930625,26.685186103972136,35.9634546454109,1992.0,0.037941858426691275
f--55-_jpg.rf.8db95fe15ba13b84755b886c3be1008d,217.93150760945556,29.233879423545716,38.565378614114,2347.0,0.04203340047828374
f--56-_jpg.rf.bd35195f3319a29df0dd7816781d18cc,228.26647142935707,28.42042000324148,37.5528205989171,2337.0,0.04444797258633749
f--57-_jpg.rf.27efeac8579558fa5f79ac9e7216bf09,217.531677684055,27.497193473378516,35.52867452446333,2436.0,0.04116680062580417
f--58-_jpg.rf.edca5df7864129df17f30a58da95fe9e,175.6320700621865,28.01932319213048,36.2519555762171,2280.0,0.03801793398626009
f--59-_jpg.rf.b24c405bf622df3bc637f4465ab62811,190.12086519081925,25.436991244695385,30.05099203342457,2637.0,0.03655926782235364
f--6-_jpg.rf.a5524b6b396f2e28823c9ab9117c4bd5,164.76418783548962,115.6581925108573,33.381213431350936,2150.0,0.05379865114725251
f--60-_jpg.rf.8f6f9286cba245c3c78f50ff0949d7ab,224.79190843014266,28.799964277563333,34.9712649288175,2692.0,0.04510619155825899
f--61-_jpg.rf.414682194fc5592f74eeb71f14aa5818,271.6225957496397,28.43178833794748,35.30887768878486,2684.0,0.04566848917246329
f--62-_jpg.rf.d8d97a99d6bb14771779b315bd43d9ad,267.7064450978293,28.3903172350834,34.808130570140946,2689.0,0.04629363181413749
f--64-_jpg.rf.76ae7e321c0a0a7309a0215f16ff856f,261.54451771181175,27.715755248386703,34.23345119532039,2674.0,0.0438228299446633
f--65-_jpg.rf.cdc0260b79b039355dc30181d3004abb,288.4129503300181,29.34169833725288,35.279460872378415,2846.0,0.04930357786664285
f--66-_jpg.rf.2a381950e452cf44fd2a279ed66bdbff,258.27351361208054,29.200115105629262,35.143399965003844,3079.0,0.04825175056477834
f--67-_jpg.rf.da60ec1ac0cc05299b7d841cd9d4fce0,261.84040132618145,28.05145353933272,33.60801256472974,2594.0,0.04594633034654071
f--68-_jpg.rf.f232f351a497e096b68518a394bf02a9,234.10184850082996,27.46714693498186,34.5663599546004,2608.0,0.04058465721345148
f--70-_jpg.rf.2f832786d273c15379a9e6bcdb3a0b5f,226.9939644872386,25.95402059332321,31.317386053242288,2575.0,0.03905322312300095
f--71-_jpg.rf.c3b9559de6954fc240457adeab548221,302.26708403448856,28.6189110610556,35.2213891699045,3050.0,0.04906873592188694
f--72-_jpg.rf.e31f5f3fec84310affa386a9f3d18626,269.550988507344,26.92759260545561,33.63896190991186,2892.0,0.04120649222210094
f--73-_jpg.rf.1594b6e423dce953c9908189cc9ccb7e,257.46328677231446,25.98852251340418,33.359372501387504,2574.0,0.0395791367739332
f--74-_jpg.rf.6a7ad7d01fc65532db01966898bbc339,286.8574407115163,27.641687422063896,34.88700123737375,2936.0,0.04378644598139125
f--75-_jpg.rf.e135beb18d106a3da8faecb322d881fc,284.5407447307784,27.610036681650243,34.454875628233935,2993.0,0.044570355008252543
f--77-_jpg.rf.7ec94768ad965f02ef05f084422233b7,317.02483961261385,29.353615739040986,35.61431629842311,3123.0,0.0563653743744439
f--78-_jpg.rf.4a55a812b4d5834c975e0af240fb178a,212.50047607782506,23.327088522182642,32.28703304009866,1891.0,0.03504106426400204
f--79-_jpg.rf.cd0074fdd336beca31100c78aea47de6,214.25620928245328,23.321842616205416,31.656922364516635,2008.0,0.033175559238053653
f--8-_jpg.rf.6294ad4258a2b4cbfd7fd9099a25e506,135.6709590764621,115.7396297435592,35.562583737366054,2139.0,0.04483165801720631
f--80-_jpg.rf.7a9a637e61d54a8cd89efcccbde5636f,209.67939392337163,23.002738720144478,31.501186471945978,1987.0,0.03280510433928376
f--82-_jpg.rf.09618d5644b96f5bebaa060cb400970c,171.04021687612448,24.892376236641297,31.092335430838805,1858.0,0.028855790507754747
f--83-_jpg.rf.2502610c90611c0c683c5c1d8d54c20f,133.73240631318882,33.81285743109373,29.09184483433985,1993.0,0.025240547611723573
f--84-_jpg.rf.6fccb63deb6f1117e20617ee7806afce,173.05555612,22.744475425940443,30.325666359291834,1579.0,0.0278535777012612
f--85-_jpg.rf.c5eb55584f2cefbb6d151ddeb7129bf4,241.86725658053263,26.842738587839158,34.10624890885587,2261.0,0.03893414833411063
f--86-_jpg.rf.045ba4eb65f4065b1996311f7f9cfa9b,209.38007789529132,28.428460859124602,32.771229450263895,2462.0,0.04095511211222137
f--87-_jpg.rf.b2719ad52e7f1277d702c5b6df7953fa,192.53182957723152,29.412012000092613,32.32820891627966,2416.0,0.038309005692436435
f--88-_jpg.rf.2dc98ecc5bdbfe3962e575b526db410d,171.79714551700144,30.35282190711505,31.070096603498133,2387.0,0.03563313057542892
f--9-_jpg.rf.a7a4f25ca8d15fed8378906896bfc7d7,106.0134596906293,118.3141358312578,32.12789960310155,1788.0,0.040786422827960085
f--90-_jpg.rf.d2642838fbdf1b11257789fde23ea204,144.08523958149834,30.222666547591878,28.766511916589785,2316.0,0.028859098140779478
f--91-_jpg.rf.ca99e9200aa3871b41937fd7399bf9e9,142.96906101679733,38.25792922326853,28.910900667718543,2497.0,0.02943131865405797
f--92-_jpg.rf.2bb81da983b0e5e9beea3633fbb2edec,152.7196163788341,30.251664566319697,31.86292471875582,2166.0,0.028432413480589155
f--93-_jpg.rf.078e30898ab266c856ae2fccbc34cb53,181.53962182299188,32.22205132784928,32.974296548543414,1988.0,0.03546774892419236
f--94-_jpg.rf.f13fe6a99865757498e2a7e21bf8b48a,158.67546088294665,31.153381558622833,31.665566201016343,1959.0,0.03185912129421065
f--95-_jpg.rf.89628a319545abcb02cf23ec9d001756,152.52911794385668,33.80109548805779,31.757539788683747,2045.0,0.029523932378750443
f--96-_jpg.rf.179b50e425855ce2ce886d09a3b1f2c8,153.78799697080035,28.794337993788265,31.452756016797906,1980.0,0.02957023924109668
